"U vs SHE (V)","H$_2$, pc-Au, (CO$_2$R), (Jaramillo), pH = 3.0, PH = 0.1","CO, pc-Au, (CO$_2$R), (Jaramillo), pH = 3.0, PH = 0.1"
-1.4574,3.05207,4.16519
-1.27846,0.41557,3.23101
-1.09061,0.11701,1.66373
-0.89809,0.22924,0.24279
-0.69823,0.63417,0.00918
-0.5016,0.26825,4.81E-04
