# #U vs SHE (V),CO,C2H4,CH4,H2
-1.409353,0.1274417172,2.143568556,9.877578561,1.828768914
-1.379856,0.103503757,0.629295434,3.494494276,1.880786432
-1.34964,0.1563008056,0.282038328,1.074426508,2.125587228
-1.319065,0.1685590032,0.177993912,0.508910392,2.294880528
-1.269065,0.1684515186,0.039382611,0.039954036,2.088512661
-1.268705,0.1678324554,0.039237879,0.039807204,2.080837329
